Category	Term	Count	%	PValue	Genes	List Total	Pop Hits	Pop Total	Fold Enrichment	Bonferroni	Benjamini	FDR
WIKIPATHWAYS	WP2884:NRF2 pathway	21	23.59550562	3.77E-22	"NQO1, CBR1, G6PD, GPX2, UGT1A1, TXNRD1, SLC2A1, KEAP1, SLC7A11, PGD, ALDH3A1, GCLC, MAFG, PRDX1, ME1, BLVRB, UGT1A9, GCLM, SQSTM1, FTL, UGT1A6"	59	141	8749	22.085467	7.91E-20	7.91E-20	6.97E-20
WIKIPATHWAYS	WP2882:Nuclear receptors meta pathway	25	28.08988764	3.54E-20	"ABHD2, SLC2A1, KEAP1, SLC7A11, PRDX1, ME1, CYP1B1, UGT1A9, UGT1A6, NQO1, CBR1, G6PD, GPX2, UGT1A1, TXNRD1, PGD, ALDH3A1, GCLC, MAFG, CYP1A2, CYP1A1, BLVRB, GCLM, SQSTM1, FTL"	59	314	8749	11.80638022	7.44E-18	3.72E-18	3.28E-18
REACTOME_PATHWAY	R-HSA-9711123~Cellular response to chemical stress	18	20.2247191	7.33E-16	"NQO1, G6PD, GPX2, NCF2, TXNRD1, TALDO1, KEAP1, SLC7A11, PGD, GCLC, NPLOC4, MAFG, PRDX1, ME1, BLVRB, GCLM, TKT, SQSTM1"	66	198	11153	15.36225895	2.52E-13	2.30E-13	2.11E-13
REACTOME_PATHWAY	R-HSA-9759194~Nuclear events mediated by NFE2L2	14	15.73033708	1.80E-15	"NQO1, G6PD, TXNRD1, TALDO1, KEAP1, SLC7A11, PGD, GCLC, MAFG, PRDX1, ME1, GCLM, TKT, SQSTM1"	66	87	11153	27.19296412	5.76E-13	2.30E-13	2.11E-13
REACTOME_PATHWAY	R-HSA-9755511~KEAP1-NFE2L2 pathway	15	16.85393258	2.13E-15	"NQO1, G6PD, TXNRD1, TALDO1, KEAP1, SLC7A11, PGD, GCLC, NPLOC4, MAFG, PRDX1, ME1, GCLM, TKT, SQSTM1"	66	113	11153	22.43161706	6.83E-13	2.30E-13	2.11E-13
GOTERM_BP_DIRECT	GO:0006805~xenobiotic metabolic process	13	14.60674157	1.24E-13	"NQO1, CBR1, UGT1A10, UGT1A1, AKR1C1, CYP4F3, ALDH3A1, CYP1A2, CYP1A1, CYP1B1, UGT1A3, UGT1A9, UGT1A6"	85	119	19416	24.95383094	9.09E-11	9.10E-11	8.80E-11
KEGG_PATHWAY	hsa00140:Steroid hormone biosynthesis	11	12.35955056	7.48E-12	"UGT1A10, UGT1A1, AKR1C1, CYP1A2, AKR1C3, CYP1A1, CYP1B1, AKR1C2, UGT1A3, UGT1A9, UGT1A6"	60	63	8865	25.79761905	1.11E-09	1.11E-09	1.00E-09
WIKIPATHWAYS	WP697:Estrogen metabolism	8	8.988764045	1.16E-11	"NQO1, UGT1A1, CYP1A2, CYP1A1, CYP1B1, UGT1A3, UGT1A9, UGT1A6"	59	18	8749	65.90583804	2.45E-09	8.15E-10	7.18E-10
KEGG_PATHWAY	hsa00980:Metabolism of xenobiotics by cytochrome P450	11	12.35955056	7.77E-11	"CBR1, ALDH3A1, UGT1A10, UGT1A1, AKR1C1, CYP1A2, CYP1A1, CYP1B1, UGT1A3, UGT1A9, UGT1A6"	60	79	8865	20.57278481	1.15E-08	5.75E-09	5.21E-09
WIKIPATHWAYS	WP702:Metapathway biotransformation Phase I and II	14	15.73033708	1.42E-10	"UGT1A10, GPX2, UGT1A1, AKR1C1, CYP4F3, AKR1C3, AKR1C2, AKR1B10, CYP1A2, CYP1A1, CYP1B1, UGT1A3, UGT1A9, UGT1A6"	59	184	8749	11.28279293	2.99E-08	7.47E-09	6.58E-09
KEGG_PATHWAY	hsa00830:Retinol metabolism	10	11.23595506	4.94E-10	"ALDH1A3, UGT1A10, UGT1A1, CYP1A2, ALDH1A1, CYP1A1, UGT1A3, UGT1A9, DHRS3, UGT1A6"	60	68	8865	21.72794118	7.31E-08	2.44E-08	2.21E-08
KEGG_PATHWAY	hsa05204:Chemical carcinogenesis - DNA adducts	10	11.23595506	7.35E-10	"CBR1, UGT1A10, UGT1A1, CYP1A2, CYP1A1, CYP1B1, AKR1C2, UGT1A3, UGT1A9, UGT1A6"	60	71	8865	20.80985915	1.09E-07	2.72E-08	2.46E-08
GOTERM_BP_DIRECT	GO:0042572~retinol metabolic process	8	8.988764045	3.30E-09	"ALDH1A3, AKR1B10, CYP1A2, ALDH1A1, AKR1C3, CYP1A1, CYP1B1, DHRS3"	85	54	19416	33.84052288	2.42E-06	1.21E-06	1.17E-06
REACTOME_PATHWAY	R-HSA-211859~Biological oxidations	13	14.60674157	4.81E-09	"UGT1A10, UGT1A1, CYP4F3, ALDH3A1, GCLC, CYP1A2, ALDH1A1, CYP1A1, CYP1B1, UGT1A3, UGT1A9, GCLM, UGT1A6"	66	223	11153	9.851134665	1.56E-06	3.90E-07	3.57E-07
KEGG_PATHWAY	hsa01100:Metabolic pathways	31	34.83146067	5.70E-09	"UGT1A10, FECH, IMPA2, ME1, UGT1A3, UGT1A9, NADK, UGT1A6, NQO1, CBR1, G6PD, GPX2, UGT1A1, HGD, AKR1C1, CYP4F3, AKR1C3, TALDO1, AKR1C2, PGD, DHRS3, ALDH3A1, ALDH1A3, GCLC, AKR1B10, CYP1A2, ALDH1A1, CYP1A1, BLVRB, GCLM, TKT"	60	1564	8865	2.928548593	8.44E-07	1.69E-07	1.53E-07
WIKIPATHWAYS	WP4313:Ferroptosis	9	10.11235955	9.65E-09	"GCLC, TXNRD1, AKR1C1, AKR1C3, AKR1C2, SLC3A2, SLC7A11, GCLM, FTL"	59	66	8749	20.2211094	2.03E-06	4.05E-07	3.57E-07
WIKIPATHWAYS	WP2873:Aryl hydrocarbon receptor pathway	8	8.988764045	1.45E-08	"NQO1, ALDH3A1, UGT1A1, CYP1A2, CYP1A1, CYP1B1, UGT1A9, UGT1A6"	59	45	8749	26.36233522	3.04E-06	5.06E-07	4.46E-07
REACTOME_PATHWAY	R-HSA-1430728~Metabolism	34	38.20224719	1.53E-08	"UGT1A10, FECH, SLC2A1, SLC3A2, IMPA2, ME1, CYP1B1, UGT1A3, UGT1A9, NADK, UGT1A6, NQO1, CBR1, G6PD, GPX2, UGT1A1, HGD, TXNRD1, AKR1C1, CYP4F3, AKR1C3, TALDO1, AKR1C2, PGD, ALDH3A1, CH25H, GCLC, AKR1B10, CYP1A2, ALDH1A1, CYP1A1, BLVRB, GCLM, TKT"	66	2177	11153	2.639175401	4.96E-06	9.93E-07	9.10E-07
KEGG_PATHWAY	hsa00860:Porphyrin metabolism	8	8.988764045	1.75E-08	"UGT1A10, UGT1A1, FECH, BLVRB, UGT1A3, UGT1A9, FTL, UGT1A6"	60	46	8865	25.69565217	2.60E-06	4.33E-07	3.92E-07
GOTERM_BP_DIRECT	GO:2001030~negative regulation of cellular glucuronidation	5	5.617977528	2.25E-08	"UGT1A10, UGT1A1, UGT1A3, UGT1A9, UGT1A6"	85	8	19416	142.7647059	1.65E-05	5.49E-06	5.31E-06
UP_KW_BIOLOGICAL_PROCESS	KW-0443~Lipid metabolism	19	21.34831461	2.50E-08	"CBR1, UGT1A10, UGT1A1, AKR1C1, ABHD2, CYP4F3, AKR1C3, AKR1C2, DHRS3, ALDH3A1, ALDH1A3, CH25H, AKR1B10, CYP1A2, ALDH1A1, CYP1A1, CYP1B1, UGT1A3, UGT1A9"	60	759	11434	4.770443566	1.20E-06	1.23E-06	1.23E-06
KEGG_PATHWAY	hsa01240:Biosynthesis of cofactors	11	12.35955056	5.31E-08	"NQO1, UGT1A10, GCLC, UGT1A1, FECH, UGT1A3, UGT1A9, GCLM, DHRS3, NADK, UGT1A6"	60	153	8865	10.62254902	7.87E-06	1.12E-06	1.02E-06
REACTOME_PATHWAY	R-HSA-9818027~NFE2L2 regulating anti-oxidant/detoxification enzymes	6	6.741573034	6.28E-08	"NQO1, GCLC, TXNRD1, PRDX1, SLC7A11, GCLM"	66	19	11153	53.36363636	2.03E-05	3.35E-06	3.07E-06
REACTOME_PATHWAY	R-HSA-9818028~NFE2L2 regulates pentose phosphate pathway genes	5	5.617977528	7.23E-08	"G6PD, MAFG, TALDO1, PGD, TKT"	66	8	11153	105.6155303	2.34E-05	3.35E-06	3.07E-06
GOTERM_BP_DIRECT	GO:0045922~negative regulation of fatty acid metabolic process	5	5.617977528	1.05E-07	"UGT1A10, UGT1A1, UGT1A3, UGT1A9, UGT1A6"	85	11	19416	103.828877	7.69E-05	1.92E-05	1.86E-05
WIKIPATHWAYS	WP696:Benzo a pyrene metabolism	5	5.617977528	2.14E-07	"AKR1C1, AKR1C3, CYP1A1, CYP1B1, AKR1C2"	59	9	8749	82.38229755	4.49E-05	6.41E-06	5.65E-06
GOTERM_BP_DIRECT	GO:0008210~estrogen metabolic process	6	6.741573034	2.47E-07	"UGT1A1, TIPARP, CYP1A2, CYP1A1, CYP1B1, UGT1A3"	85	32	19416	42.82941176	1.81E-04	3.61E-05	3.49E-05
REACTOME_PATHWAY	R-HSA-2262752~Cellular responses to stress	19	21.34831461	3.96E-07	"NQO1, G6PD, GPX2, CXCL8, NCF2, TXNRD1, TALDO1, KEAP1, SLC7A11, PGD, GCLC, NPLOC4, MAFG, PRDX1, ME1, BLVRB, GCLM, TKT, SQSTM1"	66	797	11153	4.028497015	1.28E-04	1.60E-05	1.47E-05
GOTERM_BP_DIRECT	GO:0042448~progesterone metabolic process	5	5.617977528	4.29E-07	"AKR1C1, AKR1C3, CYP1A1, CYP1B1, AKR1C2"	85	15	19416	76.14117647	3.14E-04	5.23E-05	5.06E-05
REACTOME_PATHWAY	R-HSA-2142753~Arachidonate metabolism	7	7.865168539	1.10E-06	"CBR1, GPX2, CYP4F3, CYP1A2, AKR1C3, CYP1A1, CYP1B1"	66	59	11153	20.04904982	3.55E-04	3.94E-05	3.62E-05
GOTERM_BP_DIRECT	GO:0052695~cellular glucuronidation	5	5.617977528	1.50E-06	"UGT1A10, UGT1A1, UGT1A3, UGT1A9, UGT1A6"	85	20	19416	57.10588235	0.001095942	1.57E-04	1.52E-04
WIKIPATHWAYS	WP5113:Antiviral and anti inflammatory effects of Nrf2 on SARS CoV 2 pathway	6	6.741573034	2.21E-06	"NQO1, GCLC, CXCL8, KEAP1, SLC7A11, GCLM"	59	33	8749	26.9614792	4.64E-04	5.25E-05	4.62E-05
WIKIPATHWAYS	WP3:Transcriptional activation by NRF2 in response to phytochemicals	5	5.617977528	2.25E-06	"NQO1, GCLC, KEAP1, SLC7A11, GCLM"	59	15	8749	49.42937853	4.72E-04	5.25E-05	4.62E-05
REACTOME_PATHWAY	R-HSA-8953897~Cellular responses to stimuli	19	21.34831461	2.29E-06	"NQO1, G6PD, GPX2, CXCL8, NCF2, TXNRD1, TALDO1, KEAP1, SLC7A11, PGD, GCLC, NPLOC4, MAFG, PRDX1, ME1, BLVRB, GCLM, TKT, SQSTM1"	66	899	11153	3.571426164	7.41E-04	7.42E-05	6.80E-05
REACTOME_PATHWAY	R-HSA-156580~Phase II - Conjugation of compounds	8	8.988764045	3.46E-06	"UGT1A10, GCLC, UGT1A1, CYP1A2, UGT1A3, UGT1A9, GCLM, UGT1A6"	66	111	11153	12.17908818	0.001120422	1.02E-04	9.34E-05
KEGG_PATHWAY	hsa00040:Pentose and glucuronate interconversions	6	6.741573034	3.54E-06	"UGT1A10, AKR1B10, UGT1A1, UGT1A3, UGT1A9, UGT1A6"	60	36	8865	24.625	5.23E-04	6.54E-05	5.92E-05
GOTERM_BP_DIRECT	GO:0007584~response to nutrient	6	6.741573034	6.09E-06	"NQO1, GCLC, UGT1A1, AKR1C3, CYP1B1, GCLM"	85	60	19416	22.84235294	0.004446314	4.71E-04	4.56E-04
GOTERM_BP_DIRECT	GO:0001523~retinoid metabolic process	5	5.617977528	6.17E-06	"AKR1B10, AKR1C1, ALDH1A1, AKR1C3, DHRS3"	85	28	19416	40.78991597	0.004503241	4.71E-04	4.56E-04
GOTERM_BP_DIRECT	GO:0044597~daunorubicin metabolic process	4	4.494382022	6.44E-06	"AKR1B10, AKR1C1, AKR1C3, AKR1C2"	85	9	19416	101.5215686	0.00470288	4.71E-04	4.56E-04
WIKIPATHWAYS	WP4290:Metabolic reprogramming in colon cancer	6	6.741573034	7.58E-06	"G6PD, SLC2A1, TALDO1, PGD, TKT, SLC16A3"	59	42	8749	21.18401937	0.001589604	1.59E-04	1.40E-04
KEGG_PATHWAY	hsa00982:Drug metabolism - cytochrome P450	7	7.865168539	8.08E-06	"ALDH3A1, UGT1A10, UGT1A1, CYP1A2, UGT1A3, UGT1A9, UGT1A6"	60	73	8865	14.16780822	0.001194718	1.33E-04	1.20E-04
GOTERM_BP_DIRECT	GO:0044598~doxorubicin metabolic process	4	4.494382022	9.17E-06	"AKR1B10, AKR1C1, AKR1C3, AKR1C2"	85	10	19416	91.36941176	0.006690721	6.10E-04	5.90E-04
WIKIPATHWAYS	WP134:Pentose phosphate metabolism	4	4.494382022	9.50E-06	"G6PD, TALDO1, PGD, TKT"	59	7	8749	84.73607748	0.001992558	1.81E-04	1.60E-04
WIKIPATHWAYS	WP4357:NRF2 ARE regulation	5	5.617977528	1.40E-05	"NQO1, GCLC, KEAP1, SLC7A11, GCLM"	59	23	8749	32.23655122	0.002939462	2.45E-04	2.16E-04
KEGG_PATHWAY	hsa05208:Chemical carcinogenesis - reactive oxygen species	10	11.23595506	1.67E-05	"NQO1, CBR1, NCF2, AKR1C1, CYP1A2, AKR1C3, CYP1A1, CYP1B1, KEAP1, AKR1C2"	60	227	8865	6.508810573	0.002461885	2.46E-04	2.23E-04
REACTOME_PATHWAY	R-HSA-156588~Glucuronidation	5	5.617977528	1.67E-05	"UGT1A10, UGT1A1, UGT1A3, UGT1A9, UGT1A6"	66	27	11153	31.29349046	0.005387426	4.50E-04	4.13E-04
GOTERM_BP_DIRECT	GO:0006098~pentose-phosphate shunt	4	4.494382022	1.67E-05	"G6PD, TALDO1, PGD, TKT"	85	12	19416	76.14117647	0.012156284	9.41E-04	9.10E-04
GOTERM_BP_DIRECT	GO:0097267~omega-hydroxylase P450 pathway	4	4.494382022	1.67E-05	"CYP4F3, CYP1A2, CYP1A1, CYP1B1"	85	12	19416	76.14117647	0.012156284	9.41E-04	9.10E-04
GOTERM_BP_DIRECT	GO:0046685~response to arsenic-containing substance	4	4.494382022	2.17E-05	"GCLC, FECH, CYP1A1, CYP1B1"	85	13	19416	70.2841629	0.015725411	0.001132157	0.001095037
WIKIPATHWAYS	WP698:Glucuronidation	5	5.617977528	2.33E-05	"UGT1A10, UGT1A1, UGT1A3, UGT1A9, UGT1A6"	59	26	8749	28.51694915	0.004884963	3.77E-04	3.32E-04
KEGG_PATHWAY	hsa00053:Ascorbate and aldarate metabolism	5	5.617977528	4.26E-05	"UGT1A10, UGT1A1, UGT1A3, UGT1A9, UGT1A6"	60	30	8865	24.625	0.0062882	5.73E-04	5.19E-04
GOTERM_BP_DIRECT	GO:0008202~steroid metabolic process	5	5.617977528	5.49E-05	"UGT1A1, AKR1C3, CYP1A1, CYP1B1, AKR1C2"	85	48	19416	23.79411765	0.039364747	0.002677293	0.002589513
GOTERM_BP_DIRECT	GO:0042574~retinal metabolic process	4	4.494382022	6.08E-05	"ALDH1A3, AKR1C1, AKR1C3, CYP1B1"	85	18	19416	50.76078431	0.04354595	0.002782574	0.002691342
WIKIPATHWAYS	WP408:Oxidative stress response	5	5.617977528	6.17E-05	"NQO1, GCLC, TXNRD1, CYP1A1, UGT1A6"	59	33	8749	22.46789933	0.012864911	9.25E-04	8.15E-04
REACTOME_PATHWAY	R-HSA-71336~Pentose phosphate pathway	4	4.494382022	8.18E-05	"G6PD, TALDO1, PGD, TKT"	66	15	11153	45.06262626	0.026148944	0.00203814	0.001868295
GOTERM_BP_DIRECT	GO:0019373~epoxygenase P450 pathway	4	4.494382022	8.44E-05	"CYP4F3, CYP1A2, CYP1A1, CYP1B1"	85	20	19416	45.68470588	0.059941958	0.003635944	0.003516733
WIKIPATHWAYS	WP5279:Mineralocorticoid biosynthesis	4	4.494382022	9.56E-05	"UGT1A10, AKR1C1, AKR1C3, AKR1C2"	59	14	8749	42.36803874	0.019869907	0.00118053	0.001039991
WIKIPATHWAYS	WP5280:Glucocorticoid biosynthesis	4	4.494382022	9.56E-05	"CBR1, AKR1C1, AKR1C3, AKR1C2"	59	14	8749	42.36803874	0.019869907	0.00118053	0.001039991
WIKIPATHWAYS	WP1604:Codeine and morphine metabolism	4	4.494382022	9.56E-05	"UGT1A10, UGT1A1, UGT1A9, UGT1A6"	59	14	8749	42.36803874	0.019869907	0.00118053	0.001039991
GOTERM_BP_DIRECT	GO:0071395~cellular response to jasmonic acid stimulus	3	3.370786517	1.10E-04	"AKR1C1, AKR1C3, AKR1C2"	85	4	19416	171.3176471	0.077602339	0.004487466	0.004340336
KEGG_PATHWAY	hsa04216:Ferroptosis	5	5.617977528	1.64E-04	"GCLC, SLC3A2, SLC7A11, GCLM, FTL"	60	42	8865	17.58928571	0.023984574	0.002022908	0.001831552
GOTERM_BP_DIRECT	GO:0042573~retinoic acid metabolic process	4	4.494382022	1.68E-04	"ALDH1A3, UGT1A1, UGT1A3, UGT1A9"	85	25	19416	36.54776471	0.115545263	0.006102052	0.005901985
GOTERM_BP_DIRECT	GO:0006778~porphyrin-containing compound metabolic process	3	3.370786517	1.83E-04	"ABCB6, CYP1A2, CYP1A1"	85	5	19416	137.0541176	0.125635072	0.006102052	0.005901985
GOTERM_BP_DIRECT	GO:0052696~flavonoid glucuronidation	3	3.370786517	1.83E-04	"UGT1A1, UGT1A3, UGT1A9"	85	5	19416	137.0541176	0.125635072	0.006102052	0.005901985
GOTERM_BP_DIRECT	GO:0051552~flavone metabolic process	3	3.370786517	1.83E-04	"UGT1A10, UGT1A1, UGT1A9"	85	5	19416	137.0541176	0.125635072	0.006102052	0.005901985
GOTERM_BP_DIRECT	GO:0006979~response to oxidative stress	6	6.741573034	2.26E-04	"NQO1, GCLC, GPX2, TXNRD1, PRDX1, GCLM"	85	127	19416	10.79166281	0.152458231	0.007191151	0.006955375
WIKIPATHWAYS	WP2586:Aryl hydrocarbon receptor pathway	5	5.617977528	2.31E-04	"NQO1, GCLC, CYP1A2, CYP1A1, CYP1B1"	59	46	8749	16.11827561	0.047279978	0.002690479	0.002370184
WIKIPATHWAYS	WP100:Glutathione metabolism	4	4.494382022	2.48E-04	"GCLC, G6PD, GPX2, GCLM"	59	19	8749	31.21855486	0.050849158	0.002746372	0.002419423
REACTOME_PATHWAY	R-HSA-5365859~RA biosynthesis pathway	4	4.494382022	2.69E-04	"ALDH1A3, ALDH1A1, AKR1C3, DHRS3"	66	22	11153	30.72451791	0.083426017	0.006221484	0.005703027
KEGG_PATHWAY	hsa04976:Bile secretion	6	6.741573034	3.13E-04	"UGT1A10, UGT1A1, SLC2A1, UGT1A3, UGT1A9, UGT1A6"	60	90	8865	9.85	0.045343167	0.003568928	0.003231327
WIKIPATHWAYS	WP691:Tamoxifen metabolism	4	4.494382022	3.38E-04	"UGT1A10, CYP1A2, CYP1A1, CYP1B1"	59	21	8749	28.24535916	0.068502323	0.00354748	0.003125161
REACTOME_PATHWAY	R-HSA-211945~Phase I - Functionalization of compounds	6	6.741573034	3.70E-04	"ALDH3A1, CYP4F3, CYP1A2, ALDH1A1, CYP1A1, CYP1B1"	66	106	11153	9.565180103	0.11312961	0.008002279	0.007335423
GOTERM_BP_DIRECT	GO:0052697~xenobiotic glucuronidation	3	3.370786517	3.83E-04	"UGT1A1, UGT1A3, UGT1A9"	85	7	19416	97.89579832	0.24450704	0.011680463	0.011297497
REACTOME_PATHWAY	R-HSA-9748784~Drug ADME	6	6.741573034	4.40E-04	"UGT1A10, UGT1A1, AKR1C1, UGT1A3, UGT1A9, UGT1A6"	66	110	11153	9.217355372	0.132753136	0.008900019	0.008158351
WIKIPATHWAYS	WP3612:Photodynamic therapy induced NFE2L2 NRF2 survival signaling	4	4.494382022	4.46E-04	"NQO1, GCLC, KEAP1, GCLM"	59	23	8749	25.78924097	0.08936264	0.004456651	0.003926097
GOTERM_BP_DIRECT	GO:2000379~positive regulation of reactive oxygen species metabolic process	4	4.494382022	4.63E-04	"CBR1, AKR1C1, AKR1C3, CYP1B1"	85	35	19416	26.10554622	0.287315976	0.013545551	0.013101434
WIKIPATHWAYS	WP5276:Estrogen metabolism	4	4.494382022	5.07E-04	"UGT1A10, CYP1A2, AKR1C3, CYP1B1"	59	24	8749	24.71468927	0.101010977	0.004838976	0.004262907
KEGG_PATHWAY	hsa05207:Chemical carcinogenesis - receptor activation	8	8.988764045	5.23E-04	"UGT1A10, UGT1A1, CYP1A2, CYP1A1, CYP1B1, UGT1A3, UGT1A9, UGT1A6"	60	215	8865	5.497674419	0.074535656	0.005531386	0.005008147
REACTOME_PATHWAY	R-HSA-8978868~Fatty acid metabolism	7	7.865168539	5.26E-04	"CBR1, GPX2, CYP4F3, CYP1A2, AKR1C3, CYP1A1, CYP1B1"	66	175	11153	6.759393939	0.15664212	0.01001877	0.009183873
KEGG_PATHWAY	hsa00480:Glutathione metabolism	5	5.617977528	6.13E-04	"GCLC, G6PD, GPX2, GCLM, PGD"	60	59	8865	12.52118644	0.086769656	0.006049287	0.005477057
REACTOME_PATHWAY	R-HSA-9753281~Paracetamol ADME	4	4.494382022	6.20E-04	"UGT1A10, UGT1A1, UGT1A9, UGT1A6"	66	29	11153	23.30825496	0.181922121	0.011151974	0.010222643
GOTERM_BP_DIRECT	GO:0110076~negative regulation of ferroptosis	3	3.370786517	6.53E-04	"NQO1, SLC7A11, SQSTM1"	85	9	19416	76.14117647	0.379993784	0.018379605	0.017776995
GOTERM_BP_DIRECT	GO:0045454~cell redox homeostasis	4	4.494382022	7.94E-04	"NQO1, GCLC, TXNRD1, PRDX1"	85	42	19416	21.75462185	0.440881372	0.021524548	0.020818825
WIKIPATHWAYS	WP3953:mRNA protein and metabolite inducation pathway by cyclosporin A	3	3.370786517	8.88E-04	"KEAP1, SLC3A2, SLC7A11"	59	7	8749	63.55205811	0.170180188	0.008107125	0.007141991
REACTOME_PATHWAY	R-HSA-192105~Synthesis of bile acids and bile salts	4	4.494382022	9.10E-04	"CH25H, AKR1C1, AKR1C3, AKR1C2"	66	33	11153	20.48301194	0.255411911	0.014831969	0.013595972
REACTOME_PATHWAY	R-HSA-2142670~Synthesis of epoxy (EET) and dihydroxyeicosatrienoic acids (DHET)	3	3.370786517	9.16E-04	"CYP1A2, CYP1A1, CYP1B1"	66	8	11153	63.36931818	0.256788982	0.014831969	0.013595972
REACTOME_PATHWAY	R-HSA-5579029~Metabolic disorders of biological oxidation enzymes	4	4.494382022	9.94E-04	"GCLC, UGT1A1, CYP1B1, GCLM"	66	34	11153	19.88057041	0.275402035	0.015332296	0.014054605
KEGG_PATHWAY	hsa00030:Pentose phosphate pathway	4	4.494382022	0.001102574	"G6PD, TALDO1, PGD, TKT"	60	31	8865	19.06451613	0.150638975	0.010198808	0.009234056
REACTOME_PATHWAY	R-HSA-2142816~Synthesis of (16-20)-hydroxyeicosatetraenoic acids (HETE)	3	3.370786517	0.001172718	"CYP1A2, CYP1A1, CYP1B1"	66	9	11153	56.32828283	0.316264042	0.017204298	0.015770607
REACTOME_PATHWAY	R-HSA-556833~Metabolism of lipids	13	14.60674157	0.001225319	"CBR1, GPX2, TXNRD1, AKR1C1, CYP4F3, AKR1C3, AKR1C2, CH25H, CYP1A2, CYP1A1, ME1, CYP1B1, UGT1A9"	66	755	11153	2.909672888	0.327831821	0.017204298	0.015770607
REACTOME_PATHWAY	R-HSA-3299685~Detoxification of Reactive Oxygen Species	4	4.494382022	0.001274392	"GPX2, NCF2, TXNRD1, PRDX1"	66	37	11153	18.26863227	0.338447861	0.017204298	0.015770607
REACTOME_PATHWAY	R-HSA-5362517~Signaling by Retinoic Acid	4	4.494382022	0.001719629	"ALDH1A3, ALDH1A1, AKR1C3, DHRS3"	66	41	11153	16.48632668	0.427440872	0.022286387	0.020429188
KEGG_PATHWAY	hsa00983:Drug metabolism - other enzymes	5	5.617977528	0.002010544	"UGT1A10, UGT1A1, UGT1A3, UGT1A9, UGT1A6"	60	81	8865	9.12037037	0.257594793	0.017503562	0.01584782
REACTOME_PATHWAY	R-HSA-9749641~Aspirin ADME	4	4.494382022	0.002110072	"UGT1A1, UGT1A3, UGT1A9, UGT1A6"	66	44	11153	15.36225895	0.495599998	0.025320865	0.023210793
REACTOME_PATHWAY	R-HSA-194068~Bile acid and bile salt metabolism	4	4.494382022	0.002110072	"CH25H, AKR1C1, AKR1C3, AKR1C2"	66	44	11153	15.36225895	0.495599998	0.025320865	0.023210793
REACTOME_PATHWAY	R-HSA-193775~Synthesis of bile acids and bile salts via 24-hydroxycholesterol	3	3.370786517	0.002502954	"AKR1C1, AKR1C3, AKR1C2"	66	13	11153	38.9965035	0.556019089	0.028962754	0.026549191
WIKIPATHWAYS	WP229:Irinotecan pathway	3	3.370786517	0.002731754	"UGT1A10, UGT1A1, UGT1A9"	59	12	8749	37.0720339	0.436987393	0.023902845	0.021057268
REACTOME_PATHWAY	R-HSA-193807~Synthesis of bile acids and bile salts via 27-hydroxycholesterol	3	3.370786517	0.002909164	"AKR1C1, AKR1C3, AKR1C2"	66	14	11153	36.21103896	0.610909304	0.032502383	0.029793851
GOTERM_BP_DIRECT	GO:0051604~protein maturation	4	4.494382022	0.003065466	"KLK13, KLK10, SORL1, KLK11"	85	67	19416	13.63722564	0.894322907	0.080140027	0.077512485
WIKIPATHWAYS	WP2881:Estrogen receptor pathway	3	3.370786517	0.003214719	"CYP1A2, CYP1A1, CYP1B1"	59	13	8749	34.22033898	0.491443256	0.026011693	0.022915063
WIKIPATHWAYS	WP98:Prostaglandin synthesis and regulation	4	4.494382022	0.003220495	"CBR1, AKR1C1, AKR1C3, AKR1C2"	59	45	8749	13.18116761	0.492061743	0.026011693	0.022915063
GOTERM_BP_DIRECT	GO:0006693~prostaglandin metabolic process	3	3.370786517	0.00368195	"AKR1C1, AKR1C3, AKR1C2"	85	21	19416	32.63193277	0.932805309	0.092937484	0.089890354
WIKIPATHWAYS	WP206:Fatty acid omega oxidation	3	3.370786517	0.004290837	"CYP1A2, ALDH1A1, CYP1A1"	59	15	8749	29.65762712	0.594654072	0.033373174	0.029400177
WIKIPATHWAYS	WP1946:Cori cycle	3	3.370786517	0.005510605	"G6PD, SLC2A1, TALDO1"	59	17	8749	26.16849452	0.686647719	0.041329534	0.036409351
REACTOME_PATHWAY	R-HSA-211897~Cytochrome P450 - arranged by substrate type	4	4.494382022	0.006657038	"CYP4F3, CYP1A2, CYP1A1, CYP1B1"	66	66	11153	10.24150597	0.885145782	0.071896013	0.065904678
GOTERM_BP_DIRECT	GO:0007586~digestion	3	3.370786517	0.006960775	"AKR1C1, PIR, AKR1C2"	85	29	19416	23.63002028	0.99398262	0.1698429	0.164274281
KEGG_PATHWAY	hsa01200:Carbon metabolism	5	5.617977528	0.007284648	"G6PD, ME1, TALDO1, PGD, TKT"	60	116	8865	6.368534483	0.661108032	0.059895991	0.054230154
REACTOME_PATHWAY	R-HSA-193368~Synthesis of bile acids and bile salts via 7alpha-hydroxycholesterol	3	3.370786517	0.007819778	"AKR1C1, AKR1C3, AKR1C2"	66	23	11153	22.04150198	0.921414359	0.081729297	0.074918522
WIKIPATHWAYS	WP43:Oxidation by cytochrome P450	4	4.494382022	0.007928132	"CYP4F3, CYP1A2, CYP1A1, CYP1B1"	59	62	8749	9.56697649	0.812043099	0.05741061	0.050576014
GOTERM_BP_DIRECT	GO:0097069~cellular response to thyroxine stimulus	2	2.247191011	0.008634162	"GCLC, GCLM"	85	2	19416	228.4235294	0.998249143	0.185888436	0.179793734
GOTERM_BP_DIRECT	GO:0016488~farnesol catabolic process	2	2.247191011	0.008634162	"AKR1B10, AKR1C3"	85	2	19416	228.4235294	0.998249143	0.185888436	0.179793734
GOTERM_BP_DIRECT	GO:0019322~pentose biosynthetic process	2	2.247191011	0.008634162	"G6PD, PGD"	85	2	19416	228.4235294	0.998249143	0.185888436	0.179793734
GOTERM_BP_DIRECT	GO:1904681~response to 3-methylcholanthrene	2	2.247191011	0.008634162	"CYP1A1, CYP1B1"	85	2	19416	228.4235294	0.998249143	0.185888436	0.179793734
GOTERM_BP_DIRECT	GO:0044344~cellular response to fibroblast growth factor stimulus	3	3.370786517	0.008951821	"GCLC, CXCL8, GCLM"	85	33	19416	20.7657754	0.998615254	0.187220948	0.181082556
REACTOME_PATHWAY	R-HSA-210991~Basigin interactions	3	3.370786517	0.009203361	"SLC3A2, SLC7A11, SLC16A3"	66	25	11153	20.27818182	0.949998162	0.093184032	0.085418696
UP_KW_BIOLOGICAL_PROCESS	KW-0570~Pentose shunt	2	2.247191011	0.010293921	"TALDO1, PGD"	60	2	11434	190.5666667	0.391445584	0.252201061	0.252201061
GOTERM_BP_DIRECT	GO:0034599~cellular response to oxidative stress	4	4.494382022	0.010394373	"NQO1, G6PD, KEAP1, SLC7A11"	85	104	19416	8.785520362	0.999523242	0.209551604	0.20268106
GOTERM_BP_DIRECT	GO:0071407~cellular response to organic cyclic compound	3	3.370786517	0.010592089	"TIPARP, CYP1A1, CYP1B1"	85	36	19416	19.03529412	0.999588114	0.209551604	0.20268106
REACTOME_PATHWAY	R-HSA-189445~Metabolism of porphyrins	3	3.370786517	0.010687752	"UGT1A1, FECH, BLVRB"	66	27	11153	18.77609428	0.969237823	0.104934288	0.096189764
REACTOME_PATHWAY	R-HSA-163754~Insulin effects increased synthesis of Xylulose-5-Phosphate	2	2.247191011	0.01162261	"TALDO1, TKT"	66	2	11153	168.9848485	0.977354193	0.107592164	0.09862615
REACTOME_PATHWAY	R-HSA-5578999~Defective GCLC causes HAGGSD	2	2.247191011	0.01162261	"GCLC, GCLM"	66	2	11153	168.9848485	0.977354193	0.107592164	0.09862615
REACTOME_PATHWAY	R-HSA-5628897~TP53 Regulates Metabolic Genes	4	4.494382022	0.012872433	"G6PD, GPX2, TXNRD1, PRDX1"	66	84	11153	8.046897547	0.984970557	0.115851894	0.106197569
GOTERM_BP_DIRECT	GO:0044752~response to human chorionic gonadotropin	2	2.247191011	0.012923579	"GCLC, GCLM"	85	3	19416	152.2823529	0.999926756	0.226023968	0.218613346
GOTERM_BP_DIRECT	GO:0048385~regulation of retinoic acid receptor signaling pathway	2	2.247191011	0.012923579	"AKR1C3, DHRS3"	85	3	19416	152.2823529	0.999926756	0.226023968	0.218613346
GOTERM_BP_DIRECT	GO:0071211~protein targeting to vacuole involved in autophagy	2	2.247191011	0.012923579	"SMURF1, SQSTM1"	85	3	19416	152.2823529	0.999926756	0.226023968	0.218613346
GOTERM_BP_DIRECT	GO:0010041~response to iron(III) ion	2	2.247191011	0.012923579	"G6PD, CYP1A1"	85	3	19416	152.2823529	0.999926756	0.226023968	0.218613346
GOTERM_BP_DIRECT	GO:0009725~response to hormone	3	3.370786517	0.012968588	"NQO1, GCLC, ME1"	85	40	19416	17.13176471	0.999929161	0.226023968	0.218613346
KEGG_PATHWAY	hsa00790:Folate biosynthesis	3	3.370786517	0.014730769	"CBR1, AKR1B10, AKR1C3"	60	28	8865	15.83035714	0.888793999	0.114744937	0.103890686
COG_ONTOLOGY	"Secondary metabolites biosynthesis, transport, and catabolism"	4	4.494382022	0.016215416	"CYP4F3, CYP1A2, CYP1A1, CYP1B1"	18	66	2025	6.818181818	0.108133007	0.113507909	0.113507909
GOTERM_BP_DIRECT	GO:0045604~regulation of epidermal cell differentiation	2	2.247191011	0.017194656	"MAFG, KEAP1"	85	4	19416	114.2117647	0.999996937	0.262218502	0.253621174
GOTERM_BP_DIRECT	GO:0046683~response to organophosphorus	2	2.247191011	0.017194656	"AKR1C1, TRIM16"	85	4	19416	114.2117647	0.999996937	0.262218502	0.253621174
GOTERM_BP_DIRECT	"GO:1904612~response to 2,3,7,8-tetrachlorodibenzodioxine"	2	2.247191011	0.017194656	"TIPARP, CYP1A1"	85	4	19416	114.2117647	0.999996937	0.262218502	0.253621174
GOTERM_BP_DIRECT	"GO:0009051~pentose-phosphate shunt, oxidative branch"	2	2.247191011	0.017194656	"G6PD, PGD"	85	4	19416	114.2117647	0.999996937	0.262218502	0.253621174
GOTERM_BP_DIRECT	GO:0006534~cysteine metabolic process	2	2.247191011	0.017194656	"GCLC, GCLM"	85	4	19416	114.2117647	0.999996937	0.262218502	0.253621174
GOTERM_BP_DIRECT	GO:0051409~response to nitrosative stress	2	2.247191011	0.017194656	"GCLC, GCLM"	85	4	19416	114.2117647	0.999996937	0.262218502	0.253621174
WIKIPATHWAYS	WP2875:Constitutive androstane receptor pathway	3	3.370786517	0.017756738	"UGT1A1, UGT1A9, UGT1A6"	59	31	8749	14.35046473	0.976772514	0.124297169	0.109499887
REACTOME_PATHWAY	R-HSA-5668914~Diseases of metabolism	6	6.741573034	0.017836968	"GCLC, UGT1A1, TALDO1, CYP1B1, GCLM, MUC5AC"	66	261	11153	3.884709161	0.997065858	0.156193991	0.143177825
UP_KW_BIOLOGICAL_PROCESS	KW-0753~Steroid metabolism	4	4.494382022	0.018619026	"CH25H, CYP1A2, CYP1B1, AKR1C2"	60	109	11434	6.993272171	0.594298662	0.304110754	0.304110754
WIKIPATHWAYS	WP2876:Pregnane X receptor pathway	3	3.370786517	0.018860757	"UGT1A1, UGT1A9, UGT1A6"	59	32	8749	13.90201271	0.981658461	0.127766421	0.112556133
WIKIPATHWAYS	WP15:Selenium micronutrient network	4	4.494382022	0.019782724	"GPX2, TXNRD1, PRDX1, MSRB1"	59	87	8749	6.817845315	0.984944541	0.129824129	0.114368876
GOTERM_BP_DIRECT	GO:0045053~protein retention in Golgi apparatus	2	2.247191011	0.021447471	"VPS13D, SORL1"	85	5	19416	91.36941176	0.999999872	0.307834291	0.297741363
GOTERM_BP_DIRECT	GO:0071799~cellular response to prostaglandin D stimulus	2	2.247191011	0.021447471	"AKR1C3, AKR1C2"	85	5	19416	91.36941176	0.999999872	0.307834291	0.297741363
GOTERM_BP_DIRECT	GO:0051900~regulation of mitochondrial depolarization	2	2.247191011	0.021447471	"GCLC, GCLM"	85	5	19416	91.36941176	0.999999872	0.307834291	0.297741363
REACTOME_PATHWAY	R-HSA-2187338~Visual phototransduction	4	4.494382022	0.022103364	"AKR1B10, AKR1C1, AKR1C3, DHRS3"	66	103	11153	6.562518388	0.999283994	0.187208739	0.171608011
WIKIPATHWAYS	WP3298:Melatonin metabolism and effects	3	3.370786517	0.022340932	"CYP1A2, CYP1A1, CYP1B1"	59	35	8749	12.71041162	0.991303173	0.14216957	0.125244621
REACTOME_PATHWAY	R-HSA-9013149~RAC1 GTPase cycle	5	5.617977528	0.022635564	"ARHGAP32, NCF2, MCF2L, ARHGEF7, BAIAP2"	66	185	11153	4.567158067	0.999399772	0.187208739	0.171608011
REACTOME_PATHWAY	R-HSA-9018681~Biosynthesis of protectins	2	2.247191011	0.02311219	"CYP1A2, CYP1A1"	66	4	11153	84.49242424	0.999487517	0.187208739	0.171608011
GOTERM_BP_DIRECT	"GO:0009052~pentose-phosphate shunt, non-oxidative branch"	2	2.247191011	0.025682102	"TALDO1, TKT"	85	6	19416	76.14117647	0.999999995	0.348135154	0.336720887
GOTERM_BP_DIRECT	GO:0042360~vitamin E metabolic process	2	2.247191011	0.025682102	"NQO1, CYP4F3"	85	6	19416	76.14117647	0.999999995	0.348135154	0.336720887
GOTERM_BP_DIRECT	GO:0110095~cellular detoxification of aldehyde	2	2.247191011	0.025682102	"AKR1B10, ALDH1A1"	85	6	19416	76.14117647	0.999999995	0.348135154	0.336720887
REACTOME_PATHWAY	R-HSA-71387~Metabolism of carbohydrates	6	6.741573034	0.027036185	"G6PD, ALDH1A1, SLC2A1, TALDO1, PGD, TKT"	66	291	11153	3.48422368	0.9998609	0.208586686	0.191204462
REACTOME_PATHWAY	R-HSA-975634~Retinoid metabolism and transport	3	3.370786517	0.027039015	"AKR1B10, AKR1C1, AKR1C3"	66	44	11153	11.52169421	0.999861031	0.208586686	0.191204462
REACTOME_PATHWAY	R-HSA-196854~Metabolism of vitamins and cofactors	5	5.617977528	0.02906866	"AKR1B10, AKR1C1, SLC2A1, AKR1C3, NADK"	66	200	11153	4.224621212	0.999929355	0.219028972	0.200776557
REACTOME_PATHWAY	R-HSA-1989781~PPARA activates gene expression	4	4.494382022	0.030707564	"TXNRD1, CYP1A1, ME1, UGT1A9"	66	117	11153	5.777259777	0.999959134	0.225824249	0.207005562
KEGG_PATHWAY	hsa00380:Tryptophan metabolism	3	3.370786517	0.031623313	"CYP1A2, CYP1A1, CYP1B1"	60	42	8865	10.55357143	0.991398777	0.234012516	0.211876197
REACTOME_PATHWAY	R-HSA-6806667~Metabolism of fat-soluble vitamins	3	3.370786517	0.031766712	"AKR1B10, AKR1C1, AKR1C3"	66	48	11153	10.56155303	0.999971324	0.225824249	0.207005562
REACTOME_PATHWAY	R-HSA-400206~Regulation of lipid metabolism by PPARalpha	4	4.494382022	0.032061467	"TXNRD1, CYP1A1, ME1, UGT1A9"	66	119	11153	5.680162974	0.999974018	0.225824249	0.207005562
WIKIPATHWAYS	WP2542:Sulindac metabolic pathway	2	2.247191011	0.03271745	"CYP1A2, CYP1B1"	59	5	8749	59.31525424	0.999074867	0.196704222	0.173287053
WIKIPATHWAYS	WP716:Vitamin A and carotenoid metabolism	3	3.370786517	0.032784037	"ALDH1A3, ALDH1A1, DHRS3"	59	43	8749	10.34568388	0.999088145	0.196704222	0.173287053
GOTERM_BP_DIRECT	GO:0009743~response to carbohydrate	2	2.247191011	0.034097115	"NQO1, ME1"	85	8	19416	57.10588235	1	0.453801608	0.438922867
GOTERM_BP_DIRECT	GO:0070301~cellular response to hydrogen peroxide	3	3.370786517	0.035991986	"OSER1, NQO1, CYP1B1"	85	69	19416	9.931457801	1	0.47046667	0.455041533
WIKIPATHWAYS	WP4874:CAMKK2 pathway	4	4.494382022	0.036222538	"SLC2A1, KEAP1, ARHGEF7, SQSTM1"	59	110	8749	5.39229584	0.999568361	0.210543012	0.185478367
GOTERM_BP_DIRECT	GO:0014909~smooth muscle cell migration	2	2.247191011	0.038277651	"ABHD2, AAMP"	85	9	19416	50.76078431	1	0.483090358	0.46725133
GOTERM_BP_DIRECT	GO:0043269~regulation of monoatomic ion transport	2	2.247191011	0.038277651	"CLDN10, FXYD3"	85	9	19416	50.76078431	1	0.483090358	0.46725133
WIKIPATHWAYS	WP28:Selenium metabolism and selenoproteins	3	3.370786517	0.038593733	"GPX2, TXNRD1, MSRB1"	59	47	8749	9.465200144	0.999742688	0.210543012	0.185478367
WIKIPATHWAYS	WP694:Arylamine metabolism	2	2.247191011	0.039133551	"CYP1A2, UGT1A9"	59	6	8749	49.42937853	0.999771316	0.210543012	0.185478367
WIKIPATHWAYS	WP5477:Molecular pathway for oxidative stress	3	3.370786517	0.040103431	"NQO1, CXCL8, KEAP1"	59	48	8749	9.268008475	0.999815017	0.210543012	0.185478367
WIKIPATHWAYS	WP5424:Omega 6 fatty acids in senescence	3	3.370786517	0.040103431	"CBR1, ALDH1A1, AKR1C3"	59	48	8749	9.268008475	0.999815017	0.210543012	0.185478367
GOTERM_BP_DIRECT	GO:0042373~vitamin K metabolic process	2	2.247191011	0.042440308	"NQO1, CBR1"	85	10	19416	45.68470588	1	0.498327724	0.48198911
GOTERM_BP_DIRECT	GO:0097237~cellular response to toxic substance	2	2.247191011	0.042440308	"TXNRD1, CYP1B1"	85	10	19416	45.68470588	1	0.498327724	0.48198911
GOTERM_BP_DIRECT	GO:0071372~cellular response to follicle-stimulating hormone stimulus	2	2.247191011	0.042440308	"GCLC, GCLM"	85	10	19416	45.68470588	1	0.498327724	0.48198911
GOTERM_BP_DIRECT	GO:0019371~cyclooxygenase pathway	2	2.247191011	0.042440308	"CBR1, AKR1C3"	85	10	19416	45.68470588	1	0.498327724	0.48198911
GOTERM_BP_DIRECT	GO:0030163~protein catabolic process	3	3.370786517	0.042888862	"NQO1, SQSTM1, CLN5"	85	76	19416	9.016718266	1	0.498327724	0.48198911
WIKIPATHWAYS	WP5213:Amino acid metabolism in triple negative breast cancer cells	2	2.247191011	0.045507822	"SLC2A1, SLC7A11"	59	7	8749	42.36803874	0.99994348	0.233088846	0.205340174
UP_KW_BIOLOGICAL_PROCESS	KW-0317~Glutathione biosynthesis	2	2.247191011	0.045508948	"GCLC, GCLM"	60	9	11434	42.34814815	0.893082367	0.507438979	0.507438979
REACTOME_PATHWAY	R-HSA-202733~Cell surface interactions at the vascular wall	4	4.494382022	0.045627634	"OLR1, SLC3A2, SLC7A11, SLC16A3"	66	137	11153	4.933864189	0.999999732	0.314539436	0.288327816
GOTERM_BP_DIRECT	GO:0019852~L-ascorbic acid metabolic process	2	2.247191011	0.046585161	"GCLC, SLC2A1"	85	11	19416	41.5315508	1	0.516671783	0.499731725
GOTERM_BP_DIRECT	GO:0006081~aldehyde metabolic process	2	2.247191011	0.046585161	"ALDH3A1, ALDH1A1"	85	11	19416	41.5315508	1	0.516671783	0.499731725
GOTERM_BP_DIRECT	GO:0050665~hydrogen peroxide biosynthetic process	2	2.247191011	0.046585161	"CYP1A2, CYP1A1"	85	11	19416	41.5315508	1	0.516671783	0.499731725
KEGG_PATHWAY	hsa04913:Ovarian steroidogenesis	3	3.370786517	0.046695707	"AKR1C3, CYP1A1, CYP1B1"	60	52	8865	8.524038462	0.999156142	0.329093557	0.297963086
WIKIPATHWAYS	WP2864:Apoptosis related network due to altered Notch3 in ovarian cancer	3	3.370786517	0.047977952	"NQO1, GCLC, SQSTM1"	59	53	8749	8.393668052	0.9999672	0.239889761	0.211331456
GOTERM_BP_DIRECT	GO:0008203~cholesterol metabolic process	3	3.370786517	0.051318804	"CH25H, FECH, CYP1A2"	85	84	19416	8.157983193	1	0.560677084	0.542294228
UP_KW_BIOLOGICAL_PROCESS	KW-0276~Fatty acid metabolism	4	4.494382022	0.051779488	"CYP4F3, CYP1A2, CYP1A1, CYP1B1"	60	163	11434	4.676482618	0.922080061	0.507438979	0.507438979
WIKIPATHWAYS	WP5043:Pentose phosphate pathway in senescent cells	2	2.247191011	0.051840532	"G6PD, TALDO1"	59	8	8749	37.0720339	0.999986033	0.25317469	0.223034846
GOTERM_BP_DIRECT	GO:0001889~liver development	3	3.370786517	0.052411355	"UGT1A10, UGT1A1, UGT1A9"	85	85	19416	8.06200692	1	0.564192826	0.545694701
GOTERM_BP_DIRECT	GO:0043065~positive regulation of apoptotic process	5	5.617977528	0.053459251	"ALDH1A3, CYP1B1, ARHGEF7, SQSTM1, SPDEF"	85	327	19416	3.492714517	1	0.567132927	0.548538405
GOTERM_BP_DIRECT	GO:0006739~NADP metabolic process	2	2.247191011	0.054821756	"G6PD, ME1"	85	13	19416	35.14208145	1	0.573278931	0.5544829
KEGG_PATHWAY	hsa05417:Lipid and atherosclerosis	5	5.617977528	0.05516927	"PPP3R1, CXCL8, NCF2, CYP1A1, OLR1"	60	216	8865	3.420138889	0.999774891	0.371138726	0.336031009
REACTOME_PATHWAY	R-HSA-9757110~Prednisone ADME	2	2.247191011	0.056797653	"AKR1C1, UGT1A3"	66	10	11153	33.7969697	0.999999994	0.38338416	0.35143548
GOTERM_BP_DIRECT	GO:0032801~receptor catabolic process	2	2.247191011	0.058913647	"SMURF1, KIF16B"	85	14	19416	32.63193277	1	0.607391406	0.587476933
REACTOME_PATHWAY	R-HSA-8957322~Metabolism of steroids	4	4.494382022	0.060653751	"CH25H, AKR1C1, AKR1C3, AKR1C2"	66	154	11153	4.389216844	0.999999998	0.399181274	0.365916168
REACTOME_PATHWAY	R-HSA-9013148~CDC42 GTPase cycle	4	4.494382022	0.061602048	"ARHGAP32, MCF2L, ARHGEF7, BAIAP2"	66	155	11153	4.360899316	0.999999999	0.399181274	0.365916168
GOTERM_BP_DIRECT	GO:0035729~cellular response to hepatocyte growth factor stimulus	2	2.247191011	0.062988034	"GCLC, GCLM"	85	15	19416	30.45647059	1	0.631606041	0.610897646
GOTERM_BP_DIRECT	GO:0006750~glutathione biosynthetic process	2	2.247191011	0.062988034	"GCLC, GCLM"	85	15	19416	30.45647059	1	0.631606041	0.610897646
KEGG_PATHWAY	hsa00590:Arachidonic acid metabolism	3	3.370786517	0.065681456	"CBR1, CYP4F3, AKR1C3"	60	63	8865	7.035714286	0.999957021	0.414641041	0.37541824
KEGG_PATHWAY	hsa05418:Fluid shear stress and atherosclerosis	4	4.494382022	0.067239088	"NQO1, NCF2, KEAP1, SQSTM1"	60	141	8865	4.191489362	0.999966425	0.414641041	0.37541824
REACTOME_PATHWAY	R-HSA-174403~Glutathione synthesis and recycling	2	2.247191011	0.067769936	"GCLC, GCLM"	66	12	11153	28.16414141	1	0.430538419	0.394660218
GOTERM_BP_DIRECT	GO:0030855~epithelial cell differentiation	3	3.370786517	0.068540012	"CBR1, AKR1C1, AKR1C2"	85	99	19416	6.921925134	1	0.675765186	0.65360895
GOTERM_BP_DIRECT	GO:0006536~glutamate metabolic process	2	2.247191011	0.071084589	"GCLC, GCLM"	85	17	19416	26.8733564	1	0.675765186	0.65360895
GOTERM_BP_DIRECT	GO:0042446~hormone biosynthetic process	2	2.247191011	0.071084589	"CYP1A1, CYP1B1"	85	17	19416	26.8733564	1	0.675765186	0.65360895
GOTERM_BP_DIRECT	GO:0019430~removal of superoxide radicals	2	2.247191011	0.071084589	"NQO1, PRDX1"	85	17	19416	26.8733564	1	0.675765186	0.65360895
WIKIPATHWAYS	WP5224:2q37 copy number variation syndrome	4	4.494382022	0.071155384	"UGT1A10, UGT1A1, UGT1A9, UGT1A6"	59	145	8749	4.090707189	0.999999815	0.339605243	0.299176047
REACTOME_PATHWAY	"R-HSA-204998~Cell death signalling via NRAGE, NRIF and NADE"	3	3.370786517	0.072405135	"MCF2L, ARHGEF7, SQSTM1"	66	76	11153	6.670454545	1	0.451139684	0.413544711
GOTERM_BP_DIRECT	GO:0006869~lipid transport	3	3.370786517	0.073414139	"TMEM41B, VPS13D, GULP1"	85	103	19416	6.653112507	1	0.688963458	0.666374492
WIKIPATHWAYS	WP2525:Trans sulfuration one carbon metabolism and related pathways	3	3.370786517	0.076421642	"GCLC, GPX2, GCLM"	59	69	8749	6.447310243	0.999999944	0.35663433	0.314177862
KEGG_PATHWAY	hsa05230:Central carbon metabolism in cancer	3	3.370786517	0.080834462	"G6PD, SLC2A1, SLC16A3"	60	71	8865	6.242957746	0.999996178	0.478540017	0.433272719
GOTERM_BP_DIRECT	GO:0006511~ubiquitin-dependent protein catabolic process	4	4.494382022	0.082675205	"NPLOC4, SMURF1, KEAP1, SQSTM1"	85	236	19416	3.871585244	1	0.76036478	0.735434787
WIKIPATHWAYS	WP5320:Male steroid hormones in cardiomyocyte energy metabolism	2	2.247191011	0.082889913	"UGT1A1, AKR1C3"	59	13	8749	22.81355932	0.999999987	0.370359185	0.326268806
WIKIPATHWAYS	WP5314:Lactate shuttle in glial cells	2	2.247191011	0.082889913	"SLC2A1, SLC16A3"	59	13	8749	22.81355932	0.999999987	0.370359185	0.326268806
GOTERM_BP_DIRECT	GO:0042759~long-chain fatty acid biosynthetic process	2	2.247191011	0.083099976	"CYP1A2, CYP1A1"	85	20	19416	22.84235294	1	0.76036478	0.735434787
REACTOME_PATHWAY	R-HSA-189483~Heme degradation	2	2.247191011	0.083993118	"UGT1A1, BLVRB"	66	15	11153	22.53131313	1	0.503958708	0.461962149
REACTOME_PATHWAY	R-HSA-2162123~Synthesis of Prostaglandins (PG) and Thromboxanes (TX)	2	2.247191011	0.083993118	"CBR1, AKR1C3"	66	15	11153	22.53131313	1	0.503958708	0.461962149
GOTERM_BP_DIRECT	GO:0045471~response to ethanol	3	3.370786517	0.08476984	"NQO1, G6PD, FECH"	85	112	19416	6.118487395	1	0.766068184	0.740951194
REACTOME_PATHWAY	R-HSA-9006931~Signaling by Nuclear Receptors	5	5.617977528	0.093769374	"ALDH1A3, ALDH1A1, AKR1C3, UGT1A3, DHRS3"	66	296	11153	2.854473792	1	0.547639875	0.502003219
GOTERM_BP_DIRECT	GO:0006629~lipid metabolic process	4	4.494382022	0.094316028	"ALDH3A1, UGT1A10, CH25H, G6PD"	85	250	19416	3.654776471	1	0.837494181	0.810035355
REACTOME_PATHWAY	R-HSA-9018677~Biosynthesis of DHA-derived SPMs	2	2.247191011	0.094653806	"CYP1A2, CYP1A1"	66	17	11153	19.88057041	1	0.547639875	0.502003219
GOTERM_BP_DIRECT	GO:0006809~nitric oxide biosynthetic process	2	2.247191011	0.094961772	"NQO1, CYP1B1"	85	23	19416	19.8629156	1	0.837494181	0.810035355
REACTOME_PATHWAY	R-HSA-1643685~Disease	16	17.97752809	0.098899473	"UGT1A1, ABCB6, TXNRD1, SLC2A1, TALDO1, KEAP1, SLC3A2, ZDHHC11, BAIAP2, MUC5AC, GCLC, FXYD3, PRDX1, CYP1B1, GCLM, SQSTM1"	66	1821	11153	1.48476528	1	0.562165425	0.515318306